period,average_fare,inflation_yoy_pct,source_item_code
August 2026,135.49,20.85,07.3.3.1.2.01
July 2026,125.46,22.94,07.3.3.1.2.01
June 2026,126.09,10.14,07.3.3.1.2.01
May 2026,127.62,15.06,07.3.3.1.2.01
April 2026,123.27,11.11,07.3.3.1.2.01
March 2026,123.55,14.20,07.3.3.1.2.01
February 2026,122.43,-7.01,07.3.3.1.2.01
January 2026,122.71,6.65,07.3.3.1.2.01
December 2025,124.23,,07.3.3.1.2.01
November 2025,121.45,,07.3.3.1.2.01
October 2025,108.19,,07.3.3.1.2.01
September 2025,105.22,,07.3.3.1.2.01
August 2025,112.11,,07.3.3.1.2.01
July 2025,102.05,,07.3.3.1.2.01
June 2025,114.48,,07.3.3.1.2.01
May 2025,110.92,,07.3.3.1.2.01
April 2025,110.94,,07.3.3.1.2.01
March 2025,108.19,,07.3.3.1.2.01
February 2025,131.66,,07.3.3.1.2.01
January 2025,115.05,,07.3.3.1.2.01
